ece,ali
ece,ibrahim
ece,özge
ece,sami
ece,ezgi
ece,william
ece,umut
ece,serkan
ece,remzi
ece,murat
ece,james
ece,ipek
ece,hamit
ece,faik
ece,diana
ece,cabbar
ali,ece
ali,ibrahim
ali,özge
ali,sami
ali,ezgi
ali,william
ali,umut
ali,serkan
ali,remzi
ali,murat
ali,james
ali,ipek
ali,hamit
ali,faik
ali,diana
ali,cabbar
ibrahim,ece
ibrahim,ali
ibrahim,özge
ibrahim,sami
ibrahim,ezgi
ibrahim,william
ibrahim,umut
ibrahim,serkan
ibrahim,remzi
ibrahim,murat
ibrahim,james
ibrahim,ipek
ibrahim,hamit
ibrahim,faik
ibrahim,diana
ibrahim,cabbar
özge,ece
özge,ali
özge,ibrahim
özge,sami
özge,ezgi
özge,william
özge,umut
özge,serkan
özge,remzi
özge,murat
özge,james
özge,ipek
özge,hamit
özge,faik
özge,diana
özge,cabbar
sami,ece
sami,ali
sami,ibrahim
sami,özge
sami,ezgi
sami,william
sami,umut
sami,serkan
sami,remzi
sami,murat
sami,james
sami,ipek
sami,hamit
sami,faik
sami,diana
sami,cabbar
ezgi,ece
ezgi,ali
ezgi,ibrahim
ezgi,özge
ezgi,sami
ezgi,william
ezgi,umut
ezgi,serkan
ezgi,remzi
ezgi,murat
ezgi,james
ezgi,ipek
ezgi,hamit
ezgi,faik
ezgi,diana
ezgi,cabbar
william,ece
william,ali
william,ibrahim
william,özge
william,sami
william,ezgi
william,umut
william,serkan
william,remzi
william,murat
william,james
william,ipek
william,hamit
william,faik
william,diana
william,cabbar
umut,ece
umut,ali
umut,ibrahim
umut,özge
umut,sami
umut,ezgi
umut,william
umut,serkan
umut,remzi
umut,murat
umut,james
umut,ipek
umut,hamit
umut,faik
umut,diana
umut,cabbar
serkan,ece
serkan,ali
serkan,ibrahim
serkan,özge
serkan,sami
serkan,ezgi
serkan,william
serkan,umut
serkan,remzi
serkan,murat
serkan,james
serkan,ipek
serkan,hamit
serkan,faik
serkan,diana
serkan,cabbar
remzi,ece
remzi,ali
remzi,ibrahim
remzi,özge
remzi,sami
remzi,ezgi
remzi,william
remzi,umut
remzi,serkan
remzi,murat
remzi,james
remzi,ipek
remzi,hamit
remzi,faik
remzi,diana
remzi,cabbar
murat,ece
murat,ali
murat,ibrahim
murat,özge
murat,sami
murat,ezgi
murat,william
murat,umut
murat,serkan
murat,remzi
murat,james
murat,ipek
murat,hamit
murat,faik
murat,diana
murat,cabbar
james,ece
james,ali
james,ibrahim
james,özge
james,sami
james,ezgi
james,william
james,umut
james,serkan
james,remzi
james,murat
james,ipek
james,hamit
james,faik
james,diana
james,cabbar
ipek,ece
ipek,ali
ipek,ibrahim
ipek,özge
ipek,sami
ipek,ezgi
ipek,william
ipek,umut
ipek,serkan
ipek,remzi
ipek,murat
ipek,james
ipek,hamit
ipek,faik
ipek,diana
ipek,cabbar
hamit,ece
hamit,ali
hamit,ibrahim
hamit,özge
hamit,sami
hamit,ezgi
hamit,william
hamit,umut
hamit,serkan
hamit,remzi
hamit,murat
hamit,james
hamit,ipek
hamit,faik
hamit,diana
hamit,cabbar
faik,ece
faik,ali
faik,ibrahim
faik,özge
faik,sami
faik,ezgi
faik,william
faik,umut
faik,serkan
faik,remzi
faik,murat
faik,james
faik,ipek
faik,hamit
faik,diana
faik,cabbar
diana,ece
diana,ali
diana,ibrahim
diana,özge
diana,sami
diana,ezgi
diana,william
diana,umut
diana,serkan
diana,remzi
diana,murat
diana,james
diana,ipek
diana,hamit
diana,faik
diana,cabbar
cabbar,ece
cabbar,ali
cabbar,ibrahim
cabbar,özge
cabbar,sami
cabbar,ezgi
cabbar,william
cabbar,umut
cabbar,serkan
cabbar,remzi
cabbar,murat
cabbar,james
cabbar,ipek
cabbar,hamit
cabbar,faik
cabbar,diana